{
  "phi": -2.69954,
  "pt": 20.4637,
  "px": -18.4966,
  "py": -8.75432,
  "pz": 0.0
}