{
  "phi": -1.45633,
  "pt": 32.1159,
  "px": 3.66801,
  "py": -31.9057,
  "pz": 0.0
}